<?xml version="1.0" encoding="utf-8" standalone="yes"?>
<rss version="2.0" xmlns:atom="http://www.w3.org/2005/Atom">
  <channel>
    <title>Black Wolf 2: Hold and Win Slot – Privacy Policy on Black Wolf 2 Hold and Win</title>
    <link>https://blackwolf2.org/privacy-policy/</link>
    <description>Recent content in Black Wolf 2: Hold and Win Slot – Privacy Policy on Black Wolf 2 Hold and Win</description>
    <generator>Hugo</generator>
    <language>en</language>
    <lastBuildDate></lastBuildDate>
    <atom:link href="https://blackwolf2.org/privacy-policy/index.xml" rel="self" type="application/rss+xml" />
  </channel>
</rss>
