<?xml version="1.0" encoding="utf-8" standalone="yes"?>
<rss version="2.0" xmlns:atom="http://www.w3.org/2005/Atom">
  <channel>
    <title>About Black Wolf 2: Hold and Win – Game Overview &amp; Mission on Black Wolf 2 Hold and Win</title>
    <link>https://blackwolf2.org/about-us/</link>
    <description>Recent content in About Black Wolf 2: Hold and Win – Game Overview &amp; Mission on Black Wolf 2 Hold and Win</description>
    <generator>Hugo</generator>
    <language>en</language>
    <lastBuildDate></lastBuildDate>
    <atom:link href="https://blackwolf2.org/about-us/index.xml" rel="self" type="application/rss+xml" />
  </channel>
</rss>
